[
  {
    "title": "通知公告",
    "child": [
      {
        "title": "添加通知",
        "url": ""
      },
      {
        "title": "通知列表",
        "url": ""
      }
    ]
  },
  {
    "title": "用户管理",
    "child": [
      {
        "title": "添加用户",
        "url": ""
      },
      {
        "title": "用户列表",
        "url": ""
      }
    ]
  },
  {
    "title": "课题管理",
    "child": [
      {
        "title": "申报时限",
        "url": ""
      },
      {
        "title": "课题列表",
        "url": ""
      }
    ]
  },
  {
    "title": "数据管理",
    "child": [
      {
        "title": "数据备份",
        "url": ""
      },
      {
        "title": "数据压缩",
        "url": ""
      },
      {
        "title": "数据还原",
        "url": ""
      },
      {
        "title": "容量统计",
        "url": ""
      }
    ]
  },
  {
    "title": "日常维护",
    "child": [
      {
        "title": "资料修改",
        "url": ""
      },
      {
        "title": "密码修改",
        "url": ""
      },
      {
        "title": "退出系统",
        "url": ""
      }
    ]
  }
]