[
  {
    "title":"通知公告",
    "child":[
      {
        "title":"通知列表",
        "url":"/notice/list"
      },{
        "title":"活动列表",
        "url":"/activity/list"
      }
    ]
  },
  {
    "title":"评审意见",
    "child":[
      {
        "title":"评审意见",
        "url":"/subject/expert/list/check"
      },{
        "title":"复评意见",
        "url":"/subject/expert/list/recheck"
      },{
        "title":"评审日志",
        "url":"/subject/expert/list/log"
      }
    ]
  },
  {
    "title":"系统设置",
    "child":[
      {
        "title":"资料修改",
        "url":"/user/update/expert"
      },{
        "title":"密码修改",
        "url":"/user/update/password"
      },{
        "title":"退出系统",
        "url":"/logout"
      }
    ]
  }
]
