[
  {
    "title":"通知公告",
    "child":[
      {
        "title":"通知列表",
        "url":"/notice/list"
      },{
        "title":"活动列表",
        "url":"/activity/list"
      }
    ]
  },
  {
    "title":"用户管理",
    "child":[
      {
        "title":"申请审核",
        "url":""
      },{
        "title":"用户列表",
        "url":"/user/list"
      }
    ]
  },
  {
    "title":"过程管理",
    "child":[
      {
        "title":"课题列表",
        "url":"/subject/approval/list/school"
      },{
        "title":"课题申报",
        "url":"/subject/list/school"
      },{
        "title":"中期检查",
        "url":"/subject/medium/list/school"
      },{
        "title":"重要变更",
        "url":"/subject/change/list/check"
      },{
        "title":"结题验收",
        "url":"/subject/final/list/school"
      },{
        "title":"活动审核",
        "url":"/activity/list/check"
      }
    ]
  },
  {
    "title":"课题浏览",
    "child":[
      {
        "title":"阳江课题",
        "url":"/subject/approval/list"
      },{
        "title":"备案课题",
        "url":"/record/list"
      }
    ]
  },
  {
    "title":"系统设置",
    "child":[
      {
        "title":"资料修改",
        "url":"/user/update/host"
      },{
        "title":"密码修改",
        "url":"/user/update/password"
      },{
        "title":"退出系统",
        "url":"/logout"
      }
    ]
  }
]