<?xml version="1.0" encoding="UTF-8"?>
<beans
		xmlns="http://www.springframework.org/schema/beans"
		xmlns:xsi="http://www.w3.org/2001/XMLSchema-instance"
		xmlns:context="http://www.springframework.org/schema/context"
		xmlns:task="http://www.springframework.org/schema/task"
		xsi:schemaLocation="http://www.springframework.org/schema/beans http://www.springframework.org/schema/beans/spring-beans-3.1.xsd http://www.springframework.org/schema/context http://www.springframework.org/schema/context/spring-context.xsd http://www.springframework.org/schema/task http://www.springframework.org/schema/task/spring-task.xsd">
	
	<context:annotation-config/>
	<!-- 配置component所在的包，自动加载需要管理的Bean -->
	<context:component-scan base-package="com.zhuoyue.researchManement.service,com.zhuoyue.researchManement.dao"/>
	<import resource="spring-mybatis.xml"/>
	<import resource="spring-shiro.xml" />

	<context:component-scan base-package="com.zhuoyue.researchManement.common,com.zhuoyue.researchManement.util" />
	<!-- task任务扫描注解 -->
	<task:annotation-driven />
	<!-- 扫描任务 -->
	<context:component-scan base-package="com.zhuoyue.researchManement.task" />

	<bean class="com.zhuoyue.researchManement.util.FileUploadUtils">
		<property name="basePath" value="/server/researchManagement" />
	</bean>
	<bean class="com.zhuoyue.researchManement.util.SubjectOpenTimeUtil">
		<property name="basePath" value="/server/researchManagement/data/" />
	</bean>

	<beans profile="test"  >
		<context:property-placeholder location="classpath*:jdbc-test.properties" />
	</beans>
	<beans profile="dev"  >
		<context:property-placeholder location="classpath*:jdbc-dev.properties" />
	</beans>
	<beans profile="product"  >
		<context:property-placeholder location="classpath*:jdbc-product.properties" />
	</beans>
</beans>