<!-- status为不记录log4j本身的日志 -->
<configuration status="OFF">
    <properties>
        <property name="LOG_HOME">C:/logs</property>
        <property name="FILE_NAME">mylog</property>
    </properties>
    <appenders>
        <Console name="Console" target="SYSTEM_OUT">
            <!-- ThresholdFilter相当于拦截器.info以上的命令不会被拦截. -->
            <ThresholdFilter level="info" onMatch="ACCEPT" onMismatch="DENY"/>
            <PatternLayout pattern="%d{HH:mm:ss.SSS} %-5level %class{36} %L %M - %msg%xEx%n"/>
        </Console>
        <File name="Error" fileName="${LOG_HOME}/error.log">
            <ThresholdFilter level="info" onMatch="ACCEPT" onMismatch="DENY"/>
            <PatternLayout pattern="%d{yyyy.MM.dd 'at' HH:mm:ss z} %-5level %class{36} %L %M - %msg%xEx%n"/>
        </File>
        <RollingFile name="RollingFile" fileName="${LOG_HOME}/${FILE_NAME}.log"
                     filePattern="${LOG_HOME}/$${date:yyyy-MM}/${FILE_NAME}-%d{MM-dd-yyyy}-%i.log.gz">
            <PatternLayout pattern="%d{yyyy-MM-dd 'at' HH:mm:ss z} %-5level %class{36} %L %M - %msg%xEx%n"/>
            <Policies>
                <TimeBasedTriggeringPolicy/>
                <SizeBasedTriggeringPolicy size="10 MB"/>
            </Policies>
        </RollingFile>
    </appenders>
    <loggers>
        <root level="info">
            <appender-ref ref="RollingFile"/>
            <appender-ref ref="Console"/>
            <appender-ref ref="Error" />
        </root>
        <Logger name="com.hlhdidi.servlet" additivity="false">
            <appender-ref ref="RollingFile"/>
            <appender-ref ref="Console"/>
        </Logger>
        <Logger name="com.hlhdidi.service" level="error" additivity="true">
            <appender-ref ref="Console"/>
        </Logger>
    </loggers>
</configuration>