<?xml version="1.0" encoding="UTF-8"?>
<!DOCTYPE mapper
		PUBLIC "-//mybatis.org//DTD Mapper 3.0//EN"
		"http://mybatis.org/dtd/mybatis-3-mapper.dtd">
<mapper namespace="com.zhuoyue.researchManement.dao.NoticeDao">

	<resultMap id="noticeResultMap" type="com.zhuoyue.researchManement.bean.Notice">
		<id column="id" property="id" />
		<result column="theme" property="theme" />
		<result column="state" property="state" />
		<result column="host" property="host" />
		<result column="date" property="date" />
		<result column="click" property="click" />
		<result column="top" property="top" />
		<result column="content" property="content" />
		<association property="file" column="file_id" select="com.zhuoyue.researchManement.dao.DownloadFileDao.selectById" />
	</resultMap>

	<insert id="insert" parameterType="com.zhuoyue.researchManement.bean.Notice" useGeneratedKeys="true" keyProperty="id">
            INSERT INTO tb_notices(theme, host, date, click, content,top,file_id)
            VALUES (#{theme},#{host},#{date},#{click},#{content},#{top},#{file.id})
    </insert>

	<select id="list" resultMap="noticeResultMap">
		SELECT * FROM tb_notices ORDER BY top DESC, id DESC
	</select>

	<select id="selectById" resultMap="noticeResultMap" parameterType="java.lang.Long">
		SELECT * FROM tb_notices WHERE id=#{id}
	</select>

	<update id="updateById" parameterType="com.zhuoyue.researchManement.bean.Notice">
		UPDATE tb_notices
		<set>
		<if test="notice.theme != null">theme=#{notice.theme},</if>
		<if test="notice.host != null">host=#{notice.host},</if>
		<if test="notice.top != null">top=#{notice.top},</if>
		<if test="notice.content != null">content=#{notice.content},</if>
		<if test="notice.file != null and notice.file.id != null">file_id=#{notice.file.id},</if>
		</set>
		WHERE id IN
		<foreach item="item" index="index" collection="id" open="(" close=")" separator="," >
			#{item}
		</foreach>
	</update>

	<delete id="deleteById">
		DELETE FROM tb_notices WHERE id IN
		<foreach item="item" index="index" collection="array" open="(" close=")" separator=",">
			#{item}
		</foreach>
	</delete>

	<!--增加用户点击量-->
	<update id="setNoticCourread" parameterType="java.util.Map" >
		<!--注意只有查询才有resultType -->
		<foreach item="value" index="key" collection="map" separator=";" >
		UPDATE tb_notices SET click=#{value}+click
		WHERE id=#{key}
		</foreach>
	</update>
</mapper>