<?xml version="1.0" encoding="UTF-8"?>
<!DOCTYPE mapper
        PUBLIC "-//mybatis.org//DTD Mapper 3.0//EN"
        "http://mybatis.org/dtd/mybatis-3-mapper.dtd">
<mapper namespace="com.zhuoyue.researchManement.dao.SubjectProofDao">

    <resultMap id="proofResultMap" type="com.zhuoyue.researchManement.bean.SubjectProof">
        <id column="id" property="id" />
        <result column="subject_id" property="subjectId" />
        <result column="value" property="value" />
        <result column="target" property="target" />
        <result column="method" property="method" />
        <association property="file" column="file_id" select="com.zhuoyue.researchManement.dao.DownloadFileDao.selectById" />
        <association property="subject" column="subject_id" select="com.zhuoyue.researchManement.dao.SubjectDao.selectById" />
    </resultMap>

    <insert id="insert" useGeneratedKeys="true" keyProperty="id" parameterType="com.zhuoyue.researchManement.bean.SubjectProof">
        INSERT INTO tb_subjects_proof(subject_id,value,target,method,file_id)
        VALUE (#{subjectId},#{value},#{target},#{method},#{file.id})
    </insert>

    <select id="list" resultMap="proofResultMap" resultType="com.zhuoyue.researchManement.bean.SubjectProof">
        SELECT * FROM tb_subjects_proof
    </select>

    <select id="selectBySubjectId" resultMap="proofResultMap" parameterType="java.lang.Long">
        SELECT * FROM tb_subjects_proof WHERE subject_id=#{subjectId}
    </select>

    <update id="updateBySubjectId" parameterType="com.zhuoyue.researchManement.bean.SubjectProof">
        UPDATE tb_subjects_proof
        <set>
            <if test="value != null">value=#{value},</if>
            <if test="target != null">target=#{target},</if>
            <if test="method != null">method=#{method},</if>
            <if test="file != null and file.id != null">file_id=#{file.id}</if>
        </set>
        WHERE subject_id=#{subjectId}

    </update>

    <delete id="deleteById">
        DELETE FROM tb_subjects_proof WHERE id in
        <foreach item="item" index="index" collection="array" open="(" separator="," close=")">
            #{item}
        </foreach>
    </delete>
</mapper>